OpinionTerm,Polarity,Count,AvgLength,TopCategory
一般,中性,26,2.0,整体
一般般,中性,16,3.0,整体
希望是正品,中性,6,5.0,真伪
不知道是不是正品,中性,4,8.0,真伪
还可以,中性,4,3.0,整体
还行,中性,3,2.0,整体
不多,中性,2,2.0,使用体验
会不会过敏,中性,2,5.0,使用体验
很一般,中性,2,3.0,功效
很舒服,中性,2,3.0,使用体验
有点白,中性,2,3.0,使用体验
比较厚重,中性,2,4.0,使用体验
一般般吧,中性,1,4.0,功效
不一样,中性,1,3.0,气味
不清楚,中性,1,3.0,功效
不知道真假,中性,1,5.0,真伪
不错,中性,1,2.0,整体
偏白,中性,1,2.0,功效
别太香,中性,1,3.0,气味
厚重,中性,1,2.0,使用体验
大大的,中性,1,3.0,包装
好用,中性,1,2.0,整体
好评,中性,1,2.0,整体
小小的,中性,1,3.0,尺寸
少的,中性,1,2.0,使用体验
尚不明显,中性,1,4.0,功效
希望满意,中性,1,4.0,整体
干不干净,中性,1,4.0,功效
很不错,中性,1,3.0,整体
很好,中性,1,2.0,物流
挺好的,中性,1,3.0,整体
是不是正品,中性,1,5.0,真伪
是不是真品,中性,1,5.0,真伪
是正品,中性,1,3.0,整体
有一点点干,中性,1,5.0,使用体验
有一点点白,中性,1,5.0,功效
有一点白,中性,1,4.0,功效
有点厚重,中性,1,4.0,使用体验
有点小,中性,1,3.0,尺寸
有点油,中性,1,3.0,使用体验
有点滑,中性,1,3.0,使用体验
有点滑滑的,中性,1,5.0,使用体验
有点点,中性,1,3.0,气味
有点稠,中性,1,3.0,使用体验
有点黏黏,中性,1,4.0,使用体验
正不正品,中性,1,4.0,真伪
比较干,中性,1,3.0,使用体验
没什么突出的,中性,1,6.0,功效
没有原来美好,中性,1,6.0,价格
没有多大效果,中性,1,6.0,整体
没有美白,中性,1,4.0,功效
没看出来,中性,1,4.0,功效
泛油光,中性,1,3.0,使用体验
淡淡的,中性,1,3.0,气味
特别软,中性,1,3.0,包装
白了一点点,中性,1,5.0,功效
稍微有点干,中性,1,5.0,使用体验
稍微白一点,中性,1,5.0,包装
粉浮着,中性,1,3.0,使用体验
赞赞,中性,1,2.0,整体
轻微酒精味,中性,1,5.0,气味
还不知道,中性,1,4.0,功效
还好,中性,1,2.0,整体
还行吧,中性,1,3.0,整体
那么重,中性,1,3.0,气味
不错,正面,443,2.0,整体
很好,正面,328,2.0,整体
很好用,正面,206,3.0,整体
还不错,正面,163,3.0,整体
还可以,正面,143,3.0,整体
好用,正面,134,2.0,整体
挺好的,正面,134,3.0,整体
很快,正面,133,2.0,物流
很喜欢,正面,115,3.0,整体
快,正面,98,1.0,物流
好评,正面,92,2.0,整体
很不错,正面,92,3.0,整体
好,正面,90,1.0,整体
喜欢,正面,87,2.0,整体
挺好用的,正面,85,4.0,整体
是正品,正面,79,3.0,真伪
非常好,正面,73,3.0,整体
实惠,正面,72,2.0,价格
便宜,正面,68,2.0,价格
不油腻,正面,55,3.0,使用体验
很划算,正面,55,3.0,价格
挺好,正面,52,2.0,整体
还行,正面,51,2.0,整体
很满意,正面,43,3.0,整体
很舒服,正面,41,3.0,使用体验
物美价廉,正面,40,4.0,价格
正品,正面,38,2.0,真伪
可以,正面,35,2.0,整体
非常好用,正面,35,4.0,整体
很多,正面,31,2.0,成分
很实惠,正面,31,3.0,价格
还好,正面,29,2.0,整体
满意,正面,28,2.0,整体
不紧绷,正面,27,3.0,使用体验
挺好用,正面,27,3.0,整体
非常满意,正面,27,4.0,整体
很自然,正面,26,3.0,功效
特别好,正面,26,3.0,功效
很服帖,正面,25,3.0,使用体验
淡淡的,正面,25,3.0,气味
非常不错,正面,24,4.0,整体
很好闻,正面,23,3.0,气味
很清爽,正面,23,3.0,使用体验
很给力,正面,23,3.0,物流
非常喜欢,正面,23,4.0,整体
不刺激,正面,22,3.0,使用体验
棒棒哒,正面,22,3.0,整体
自然,正面,21,2.0,功效
划算,正面,20,2.0,价格
挺不错的,正面,20,4.0,整体
超快,正面,20,2.0,物流
很水润,正面,19,3.0,使用体验
很滋润,正面,19,3.0,使用体验
超级好用,正面,19,4.0,整体
不卡粉,正面,18,3.0,使用体验
保湿,正面,18,2.0,功效
给力,正面,18,2.0,物流
不干,正面,17,2.0,使用体验
很干净,正面,17,3.0,功效
细腻,正面,17,2.0,使用体验
很温和,正面,16,3.0,使用体验
很便宜,正面,15,3.0,价格
滑滑的,正面,15,3.0,使用体验
特别好用,正面,15,4.0,整体
滋润,正面,14,2.0,使用体验
补水,正面,14,2.0,功效
不贵,正面,13,2.0,价格
五星好评,正面,13,4.0,整体
服帖,正面,13,2.0,使用体验
一如既往的好,正面,12,6.0,整体
方便,正面,12,2.0,使用体验
不过敏,正面,11,3.0,使用体验
优惠,正面,11,2.0,价格
多,正面,11,1.0,成分
好闻,正面,11,2.0,气味
干净,正面,11,2.0,功效
很方便,正面,11,3.0,整体
很补水,正面,11,3.0,功效
挺不错,正面,11,3.0,整体
赞,正面,11,1.0,整体
轻薄,正面,11,2.0,使用体验
合适,正面,10,2.0,价格
很棒,正面,10,2.0,整体
很细腻,正面,10,3.0,使用体验
很适合,正面,10,3.0,整体
很香,正面,10,2.0,气味
挺快的,正面,10,3.0,物流
提亮肤色,正面,10,4.0,功效
水润,正面,10,2.0,使用体验
特别快,正面,10,3.0,物流
超级喜欢,正面,10,4.0,整体
还行吧,正面,10,3.0,整体
不油,正面,9,2.0,使用体验
很高,正面,9,2.0,价格
清爽,正面,9,2.0,使用体验
超级划算,正面,9,4.0,价格
还好吧,正面,9,3.0,整体
非常快,正面,9,3.0,物流
香香的,正面,9,3.0,气味
高,正面,9,1.0,价格
不干燥,正面,8,3.0,使用体验
不错的,正面,8,3.0,整体
好快,正面,8,2.0,物流
很保湿,正面,8,3.0,功效
很漂亮,正面,8,3.0,包装
真心不错,正面,8,4.0,整体
超喜欢,正面,8,3.0,整体
超好用,正面,8,3.0,整体
好推开,正面,7,3.0,使用体验
完好,正面,7,2.0,包装
很合适,正面,7,3.0,价格
很好推开,正面,7,4.0,使用体验
很润,正面,7,2.0,使用体验
挺实惠,正面,7,3.0,价格
挺快,正面,7,2.0,物流
水水的,正面,7,3.0,使用体验
温和,正面,7,2.0,使用体验
点赞,正面,7,2.0,物流
物有所值,正面,7,4.0,整体
精美,正面,7,2.0,包装
经济,正面,7,2.0,价格
蛮好的,正面,7,3.0,整体
太快了,正面,6,3.0,物流
好多,正面,6,2.0,价格
好看,正面,6,2.0,包装
完整,正面,6,2.0,包装
很薄,正面,6,2.0,使用体验
挺多的,正面,6,3.0,成分
挺实惠的,正面,6,4.0,价格
挺温和的,正面,6,4.0,使用体验
挺补水的,正面,6,4.0,功效
显白,正面,6,2.0,功效
比较好用,正面,6,4.0,整体
物超所值,正面,6,4.0,整体
特别喜欢,正面,6,4.0,整体
真的好用,正面,6,4.0,整体
美美哒,正面,6,3.0,整体
非常棒,正面,6,3.0,整体
可以的,正面,5,3.0,整体
合理,正面,5,2.0,价格
大爱,正面,5,2.0,整体
好划算,正面,5,3.0,价格
强,正面,5,1.0,功效
挺划算的,正面,5,4.0,价格
挺干净,正面,5,3.0,功效
挺水润的,正面,5,4.0,使用体验
杠杠的,正面,5,3.0,整体
比较好,正面,5,3.0,使用体验
水水嫩嫩的,正面,5,5.0,使用体验
没有过敏,正面,5,4.0,使用体验
真的不错,正面,5,4.0,整体
神速,正面,5,2.0,物流
美白,正面,5,2.0,功效
超值,正面,5,2.0,价格
超级好,正面,5,3.0,整体
超级快,正面,5,3.0,物流
迅速,正面,5,2.0,物流
还是不错的,正面,5,5.0,整体
不浮粉,正面,4,3.0,使用体验
丰富,正面,4,2.0,使用体验
嫩嫩的,正面,4,3.0,使用体验
容易推开,正面,4,4.0,使用体验
很优惠,正面,4,3.0,价格
很好吸收,正面,4,4.0,使用体验
很好看,正面,4,3.0,包装
很白,正面,4,2.0,功效
很赞,正面,4,2.0,整体
挺喜欢,正面,4,3.0,整体
挺喜欢的,正面,4,4.0,整体
挺好闻的,正面,4,4.0,气味
挺滋润的,正面,4,4.0,使用体验
比较满意,正面,4,4.0,整体
没有紧绷感,正面,4,5.0,使用体验
润润的,正面,4,3.0,使用体验
清新,正面,4,2.0,气味
湿润,正面,4,2.0,使用体验
漂亮,正面,4,2.0,包装
特别多,正面,4,3.0,成分
真不错,正面,4,3.0,整体
真快,正面,4,2.0,物流
蛮好,正面,4,2.0,整体
超赞,正面,4,2.0,整体
非常舒服,正面,4,4.0,使用体验
一样,正面,3,2.0,气味
不会差,正面,3,3.0,整体
不会过敏,正面,3,4.0,使用体验
不假白,正面,3,3.0,功效
不厚重,正面,3,3.0,使用体验
不错哦,正面,3,3.0,整体
严实,正面,3,2.0,包装
亲民,正面,3,2.0,价格
便宜实惠,正面,3,4.0,价格
便宜很多,正面,3,4.0,价格
光滑,正面,3,2.0,使用体验
均匀,正面,3,2.0,功效
太棒了,正面,3,3.0,整体
太给力了,正面,3,4.0,物流
好吸收,正面,3,3.0,使用体验
好好用,正面,3,3.0,整体
完美,正面,3,2.0,物流
差不多,正面,3,3.0,整体
很光滑,正面,3,3.0,使用体验
很好的,正面,3,3.0,整体
很显白,正面,3,3.0,功效
很细,正面,3,2.0,使用体验
很细心,正面,3,3.0,包装
很轻薄,正面,3,3.0,使用体验
挺优惠的,正面,3,4.0,价格
挺便宜,正面,3,3.0,价格
挺保湿,正面,3,3.0,功效
挺保湿的,正面,3,4.0,功效
挺干净的,正面,3,4.0,功效
挺滋润,正面,3,3.0,使用体验
挺满意的,正面,3,4.0,整体
挺舒服,正面,3,3.0,整体
挺舒服的,正面,3,4.0,使用体验
挺适合,正面,3,3.0,整体
是真品,正面,3,3.0,真伪
杠杠滴,正面,3,3.0,功效
棒,正面,3,1.0,物流
棒棒的,正面,3,3.0,整体
比较划算,正面,3,4.0,价格
比较温和,正面,3,4.0,使用体验
比较自然,正面,3,4.0,功效
没有破损,正面,3,4.0,包装
没毛病,正面,3,3.0,整体
清洁,正面,3,2.0,功效
清香,正面,3,2.0,气味
特别实惠,正面,3,4.0,价格
特别温和,正面,3,4.0,使用体验
特别滋润,正面,3,4.0,使用体验
白的自然,正面,3,4.0,功效
真的很好,正面,3,4.0,整体
能接受,正面,3,3.0,价格
薄薄的,正面,3,3.0,使用体验
蛮好用的,正面,3,4.0,整体
超好,正面,3,2.0,功效
超级服帖,正面,3,4.0,使用体验
超级补水,正面,3,4.0,功效
超补水,正面,3,3.0,功效
透气,正面,3,2.0,使用体验
非常给力,正面,3,4.0,物流
5星好评,正面,2,4.0,整体
一流,正面,2,2.0,服务
一流的,正面,2,3.0,物流
一百个赞,正面,2,4.0,物流
一直用,正面,2,3.0,整体
上乘,正面,2,2.0,整体
不会很干,正面,2,4.0,使用体验
不会有,正面,2,3.0,使用体验
不会浮粉,正面,2,4.0,使用体验
不会紧绷,正面,2,4.0,使用体验
不厚,正面,2,2.0,使用体验
不脱妆,正面,2,3.0,使用体验
不高,正面,2,2.0,价格
也很好,正面,2,3.0,服务
五分好评,正面,2,4.0,整体
价廉物美,正面,2,4.0,价格
便宜了很多,正面,2,5.0,价格
便宜好多,正面,2,4.0,价格
值得信赖,正面,2,4.0,其他
充足,正面,2,2.0,成分
及时,正面,2,2.0,物流
四星,正面,2,2.0,功效
均匀肤色,正面,2,4.0,功效
增白,正面,2,2.0,功效
大,正面,2,1.0,价格
太合适,正面,2,3.0,整体
太好了,正面,2,3.0,整体
太好用了,正面,2,4.0,整体
太给力,正面,2,3.0,物流
太超值,正面,2,3.0,价格
好帖,正面,2,2.0,使用体验
好很多,正面,2,3.0,整体
实用,正面,2,2.0,整体
就是好,正面,2,3.0,物流
就是快,正面,2,3.0,物流
巨好用,正面,2,3.0,整体
平价,正面,2,2.0,价格
应该不错,正面,2,4.0,整体
很不错的,正面,2,4.0,整体
很丰富,正面,2,3.0,价格
很亲民,正面,2,3.0,价格
很值,正面,2,2.0,价格
很可爱,正面,2,3.0,整体
很均匀,正面,2,3.0,使用体验
很大,正面,2,2.0,价格
很大气,正面,2,3.0,包装
很好涂抹,正面,2,4.0,使用体验
很安全,正面,2,3.0,成分
很实在,正面,2,3.0,价格
很强,正面,2,2.0,功效
很提亮肤色,正面,2,5.0,功效
很明显,正面,2,3.0,功效
很水,正面,2,2.0,使用体验
很滑,正面,2,2.0,使用体验
很热情,正面,2,3.0,物流
很精美,正面,2,3.0,包装
很贴,正面,2,2.0,使用体验
很贴皮肤,正面,2,4.0,使用体验
很超值,正面,2,3.0,价格
快捷,正面,2,2.0,其他
快速,正面,2,2.0,物流
挺便宜的,正面,2,4.0,价格
挺合适,正面,2,3.0,包装
挺好吸收,正面,2,4.0,使用体验
挺服帖,正面,2,3.0,使用体验
挺服帖的,正面,2,4.0,使用体验
挺润的,正面,2,3.0,使用体验
挺清爽的,正面,2,4.0,使用体验
挺温和,正面,2,3.0,使用体验
挺细腻的,正面,2,4.0,使用体验
挺自然,正面,2,3.0,使用体验
挺自然的,正面,2,4.0,功效
挺薄的,正面,2,3.0,使用体验
挺补水,正面,2,3.0,功效
提亮,正面,2,2.0,功效
收缩毛孔,正面,2,4.0,功效
新款,正面,2,2.0,包装
易吸收,正面,2,3.0,使用体验
最喜欢,正面,2,3.0,整体
最好用,正面,2,3.0,整体
有点慢,正面,2,3.0,物流
柔软,正面,2,2.0,使用体验
正好,正面,2,2.0,功效
比较优惠,正面,2,4.0,价格
比较保湿,正面,2,4.0,功效
比较喜欢,正面,2,4.0,整体
比较干净,正面,2,4.0,功效
比较快,正面,2,3.0,物流
比较服帖,正面,2,4.0,使用体验
比较清爽,正面,2,4.0,使用体验
比较滋润,正面,2,4.0,使用体验
比较适合,正面,2,4.0,整体
比较高,正面,2,3.0,价格
水水润润,正面,2,4.0,使用体验
水水润润的,正面,2,5.0,使用体验
水润润的,正面,2,4.0,使用体验
没得说,正面,2,3.0,物流
没有浮粉,正面,2,4.0,使用体验
没话说,正面,2,3.0,物流
没问题,正面,2,3.0,功效
淡淡的香味,正面,2,5.0,气味
清凉,正面,2,2.0,使用体验
清透,正面,2,2.0,使用体验
温和不刺激,正面,2,5.0,使用体验
满分,正面,2,2.0,整体
热心,正面,2,2.0,服务
特别合算,正面,2,4.0,价格
特别的好,正面,2,4.0,整体
特别给力,正面,2,4.0,物流
特别自然,正面,2,4.0,功效
特别补水,正面,2,4.0,功效
特喜欢,正面,2,3.0,整体
白皙,正面,2,2.0,功效
相当不错,正面,2,4.0,整体
真心好用,正面,2,4.0,整体
真的好,正面,2,3.0,功效
真的很不错,正面,2,5.0,整体
真的很快,正面,2,4.0,物流
确实不错,正面,2,4.0,整体
粉粉的,正面,2,3.0,包装
绝对正品,正面,2,4.0,真伪
美丽,正面,2,2.0,价格
美美的,正面,2,3.0,整体
薄透,正面,2,2.0,使用体验
蛮不错的,正面,2,4.0,整体
蛮好用,正面,2,3.0,整体
蛮轻薄的,正面,2,4.0,使用体验
赞一下,正面,2,3.0,整体
赞一个,正面,2,3.0,整体
超值的,正面,2,3.0,价格
超划算,正面,2,3.0,价格
超喜欢的,正面,2,4.0,整体
超级棒,正面,2,3.0,服务
超级给力,正面,2,4.0,物流
足,正面,2,1.0,成分
较高,正面,2,2.0,价格
还不错的,正面,2,4.0,整体
还挺好的,正面,2,4.0,整体
这么便宜,正面,2,4.0,价格
适中,正面,2,2.0,使用体验
适合,正面,2,2.0,整体
速度快,正面,2,3.0,物流
遮暇,正面,2,2.0,功效
遮瑕,正面,2,2.0,功效
量大,正面,2,2.0,其他
非常合适,正面,2,4.0,价格
非常滋润,正面,2,4.0,使用体验
非常补水,正面,2,4.0,功效
飞快,正面,2,2.0,物流
666,正面,1,3.0,整体
nice,正面,1,4.0,整体
一如既往的喜欢,正面,1,7.0,整体
一抹就开,正面,1,4.0,使用体验
一整天,正面,1,3.0,功效
一点也不刺激,正面,1,6.0,使用体验
一点也不干,正面,1,5.0,使用体验
一点也不油,正面,1,5.0,使用体验
一点也不浮,正面,1,5.0,使用体验
一点也不紧绷,正面,1,6.0,使用体验
一点刺激感都没有,正面,1,8.0,使用体验
一点没问题,正面,1,5.0,使用体验
一片一片的,正面,1,5.0,使用体验
一直信赖,正面,1,4.0,整体
一直在用,正面,1,4.0,整体
一直棒棒,正面,1,4.0,整体
一直都用,正面,1,4.0,整体
一般,正面,1,2.0,整体
上档次,正面,1,3.0,包装
不会刺痛,正面,1,4.0,使用体验
不会太多,正面,1,4.0,使用体验
不会掉粉,正面,1,4.0,使用体验
不会觉得紧绷,正面,1,6.0,使用体验
不伤皮肤,正面,1,4.0,使用体验
不保湿,正面,1,3.0,功效
不假面,正面,1,3.0,功效
不刺鼻,正面,1,3.0,气味
不加白,正面,1,3.0,功效
不壳粉,正面,1,3.0,使用体验
不多,正面,1,2.0,成分
不够细腻,正面,1,4.0,使用体验
不太刺激,正面,1,4.0,使用体验
不夸张,正面,1,3.0,功效
不好晕开,正面,1,4.0,使用体验
不少,正面,1,2.0,价格
不差,正面,1,2.0,整体
不干涩,正面,1,3.0,使用体验
不干皮,正面,1,3.0,使用体验
不怎么油腻,正面,1,5.0,使用体验
不拉眼,正面,1,3.0,使用体验
不敏感,正面,1,3.0,使用体验
不是很好,正面,1,4.0,功效
不是很好吸收,正面,1,6.0,使用体验
不是特别显白,正面,1,6.0,功效
不是特别油,正面,1,5.0,使用体验
不是特别油腻,正面,1,6.0,使用体验
不是特别白,正面,1,5.0,功效
不是那么白,正面,1,5.0,功效
不是那种特别厚重的百,正面,1,10.0,功效
不沙眼睛,正面,1,4.0,使用体验
不油不腻,正面,1,4.0,使用体验
不泛白,正面,1,3.0,功效
不浓重,正面,1,3.0,气味
不浮夸,正面,1,3.0,功效
不痒,正面,1,2.0,使用体验
不算太贵,正面,1,4.0,价格
不算贵,正面,1,3.0,价格
不算高,正面,1,3.0,价格
不粘,正面,1,2.0,使用体验
不粘稠,正面,1,3.0,使用体验
不紧崩,正面,1,3.0,使用体验
不腻,正面,1,2.0,使用体验
不蜕皮,正面,1,3.0,使用体验
不觉得油腻,正面,1,5.0,使用体验
不起干皮,正面,1,4.0,使用体验
不起皮,正面,1,3.0,使用体验
不跑妆,正面,1,3.0,使用体验
不遮眼睛,正面,1,4.0,使用体验
不错不错,正面,1,4.0,整体
不长闭合,正面,1,4.0,使用体验
不黏不腻,正面,1,4.0,使用体验
不黏糊糊,正面,1,4.0,使用体验
专业,正面,1,2.0,物流
丝润,正面,1,2.0,使用体验
丝薄,正面,1,2.0,使用体验
也快,正面,1,2.0,物流
买的值,正面,1,3.0,价格
五星,正面,1,2.0,整体
亮亮的,正面,1,3.0,功效
亮白,正面,1,2.0,功效
亮肤,正面,1,2.0,功效
人很好,正面,1,3.0,物流
仔细,正面,1,2.0,包装
优惠多多,正面,1,4.0,价格
优惠很多,正面,1,4.0,价格
优秀,正面,1,2.0,整体
优雅,正面,1,2.0,气味
低一点,正面,1,3.0,价格
佩服,正面,1,2.0,物流
便宜一点,正面,1,4.0,价格
便宜不少,正面,1,4.0,价格
便宜了好多,正面,1,5.0,价格
便宜又实惠,正面,1,5.0,价格
便宜多了,正面,1,4.0,价格
便宜太多了,正面,1,5.0,价格
便宜得多,正面,1,4.0,价格
修正肤色,正面,1,4.0,功效
修饰肤色,正面,1,4.0,功效
值得推荐,正面,1,4.0,整体
值得点赞,正面,1,4.0,物流
像正品,正面,1,3.0,真伪
光光的,正面,1,3.0,使用体验
光洁,正面,1,2.0,使用体验
冰冰凉凉,正面,1,4.0,使用体验
出乎意外的快,正面,1,6.0,物流
出奇的快,正面,1,4.0,物流
分量足,正面,1,3.0,其他
划算多了,正面,1,4.0,价格
刚刚合适,正面,1,4.0,使用体验
刚好,正面,1,2.0,尺寸
到位,正面,1,2.0,价格
到家,正面,1,2.0,物流
卸得干净,正面,1,4.0,功效
去除暗沉,正面,1,4.0,功效
又划算,正面,1,3.0,价格
又白又亮,正面,1,4.0,功效
变白,正面,1,2.0,功效
变白了,正面,1,3.0,功效
可以哦,正面,1,3.0,整体
可以啊,正面,1,3.0,整体
可遮瑕,正面,1,3.0,功效
合算,正面,1,2.0,价格
听服帖,正面,1,3.0,使用体验
听水嫩的,正面,1,4.0,使用体验
听湿润,正面,1,3.0,使用体验
吸收,正面,1,2.0,使用体验
周到,正面,1,2.0,服务
哑光质感,正面,1,4.0,使用体验
唯美,正面,1,2.0,使用体验
喜欢喜欢,正面,1,4.0,整体
喜欢的,正面,1,3.0,气味
多块,正面,1,2.0,物流
多多优惠,正面,1,4.0,价格
多多促销,正面,1,4.0,价格
够快,正面,1,2.0,物流
够用了,正面,1,3.0,功效
大气上档次,正面,1,5.0,使用体验
大爱呀,正面,1,3.0,整体
大赞,正面,1,2.0,整体
太划算,正面,1,3.0,价格
太划算了,正面,1,4.0,价格
太合适了,正面,1,4.0,整体
太好,正面,1,2.0,功效
太差劲了,正面,1,4.0,物流
太方便了,正面,1,4.0,使用体验
太简陋了点,正面,1,5.0,包装
太赞了,正面,1,3.0,整体
好一点,正面,1,3.0,整体
好上妆,正面,1,3.0,使用体验
好使,正面,1,2.0,整体
好便宜,正面,1,3.0,价格
好卸妆,正面,1,3.0,功效
好合算,正面,1,3.0,价格
好喜欢,正面,1,3.0,整体
好多了,正面,1,3.0,整体
好好的,正面,1,3.0,整体
好实惠,正面,1,3.0,价格
好干,正面,1,2.0,使用体验
好干净,正面,1,3.0,使用体验
好开心,正面,1,3.0,整体
好得不得了,正面,1,5.0,整体
好快就到,正面,1,4.0,物流
好惊喜,正面,1,3.0,整体
好有分量,正面,1,4.0,价格
好有爱,正面,1,3.0,服务
好服务,正面,1,3.0,物流
好服帖,正面,1,3.0,使用体验
好极了,正面,1,3.0,整体
好洗,正面,1,2.0,使用体验
好清淡,正面,1,3.0,气味
好清爽,正面,1,3.0,使用体验
好用爆了,正面,1,4.0,整体
好用的,正面,1,3.0,整体
好的,正面,1,2.0,整体
好的很,正面,1,3.0,整体
好的没话说,正面,1,5.0,整体
好精致,正面,1,3.0,整体
好自然,正面,1,3.0,功效
好舒服,正面,1,3.0,使用体验
好香,正面,1,2.0,气味
好，棒,正面,1,3.0,整体
好，用,正面,1,3.0,整体
妥妥的,正面,1,3.0,整体
完好无损,正面,1,4.0,包装
实在,正面,1,2.0,价格
容易上妆,正面,1,4.0,功效
容易上装,正面,1,4.0,使用体验
容易冲洗,正面,1,4.0,使用体验
容易吸收,正面,1,4.0,使用体验
容易打开,正面,1,4.0,使用体验
容易抹开,正面,1,4.0,使用体验
容易清洁,正面,1,4.0,使用体验
对的起,正面,1,3.0,价格
常快,正面,1,2.0,物流
平民价,正面,1,3.0,价格
应该不错的,正面,1,5.0,整体
应该也不错,正面,1,5.0,整体
应该可以,正面,1,4.0,整体
应该挺好的,正面,1,5.0,整体
应该是真的,正面,1,5.0,真伪
应该还可以,正面,1,5.0,整体
廉,正面,1,1.0,价格
开心,正面,1,2.0,整体
强力推荐,正面,1,4.0,整体
强大,正面,1,2.0,物流
很一般,正面,1,3.0,功效
很严实,正面,1,3.0,包装
很亮,正面,1,2.0,功效
很亲和,正面,1,3.0,使用体验
很保水,正面,1,3.0,功效
很修复,正面,1,3.0,功效
很充足,正面,1,3.0,成分
很准时,正面,1,3.0,物流
很划来,正面,1,3.0,价格
很划算的,正面,1,4.0,价格
很到位,正面,1,3.0,包装
很去油,正面,1,3.0,使用体验
很可以,正面,1,3.0,整体
很合理,正面,1,3.0,价格
很喜欢用,正面,1,4.0,整体
很多泡泡,正面,1,4.0,使用体验
很好涂开,正面,1,4.0,使用体验
很实用,正面,1,3.0,整体
很容易,正面,1,3.0,功效
很帮,正面,1,2.0,其他
很常满意,正面,1,4.0,整体
很平整,正面,1,3.0,使用体验
很开心,正面,1,3.0,整体
很彻底,正面,1,3.0,功效
很很用的,正面,1,4.0,整体
很快的,正面,1,3.0,物流
很惊喜,正面,1,3.0,价格
很持久,正面,1,3.0,功效
很持妆,正面,1,3.0,功效
很接近肤色,正面,1,5.0,功效
很控油,正面,1,3.0,功效
很提肤色,正面,1,4.0,功效
很放心,正面,1,3.0,整体
很敬业,正面,1,3.0,物流
很方便的,正面,1,4.0,其他
很是划算,正面,1,4.0,价格
很是给力,正面,1,4.0,物流
很有新意,正面,1,4.0,使用体验
很有用,正面,1,3.0,整体
很有耐心,正面,1,4.0,服务
很服贴,正面,1,3.0,使用体验
很柔暖,正面,1,3.0,使用体验
很柔滑,正面,1,3.0,使用体验
很棒了,正面,1,3.0,整体
很正,正面,1,2.0,功效
很水嫩,正面,1,3.0,使用体验
很清新,正面,1,3.0,气味
很清爽保湿,正面,1,5.0,使用体验
很清爽舒服,正面,1,5.0,使用体验
很湿润,正面,1,3.0,使用体验
很滋养,正面,1,3.0,使用体验
很滑嫩,正面,1,3.0,使用体验
很满足,正面,1,3.0,整体
很熟悉,正面,1,3.0,气味
很熟服,正面,1,3.0,使用体验
很爽,正面,1,2.0,使用体验
很礼貌,正面,1,3.0,物流
很简陋,正面,1,3.0,包装
很紧密,正面,1,3.0,包装
很美丽,正面,1,3.0,价格
很耐心,正面,1,3.0,服务
很舒适,正面,1,3.0,使用体验
很衬肤色,正面,1,4.0,功效
很负责,正面,1,3.0,物流
很贴合肤色,正面,1,5.0,使用体验
很贴心,正面,1,3.0,包装
很贴肤,正面,1,3.0,使用体验
很贴脸,正面,1,3.0,使用体验
很轻薄透亮,正面,1,5.0,使用体验
很迷你,正面,1,3.0,包装
很透,正面,1,2.0,使用体验
很速度,正面,1,3.0,物流
很高兴,正面,1,3.0,整体
很高大上,正面,1,4.0,整体
很高大尚,正面,1,4.0,包装
微微一点白,正面,1,5.0,功效
总体满意,正面,1,4.0,整体
感觉不错,正面,1,4.0,整体
持久,正面,1,2.0,使用体验
挺ok的,正面,1,4.0,使用体验
挺上色,正面,1,3.0,功效
挺亮白的,正面,1,4.0,功效
挺划算,正面,1,3.0,价格
挺可以,正面,1,3.0,功效
挺合适的,正面,1,4.0,整体
挺喜欢用的,正面,1,5.0,整体
挺多多的,正面,1,4.0,成分
挺好上妆,正面,1,4.0,功效
挺好了,正面,1,3.0,整体
挺好看的,正面,1,4.0,包装
挺小只,正面,1,3.0,尺寸
挺显白的,正面,1,4.0,使用体验
挺水润,正面,1,3.0,使用体验
挺流的,正面,1,3.0,整体
挺淡,正面,1,2.0,气味
挺清淡的,正面,1,4.0,气味
挺湿润,正面,1,3.0,使用体验
挺湿润的,正面,1,4.0,使用体验
挺滋润补水的,正面,1,6.0,使用体验
挺满意,正面,1,3.0,整体
挺漂亮的,正面,1,4.0,整体
挺环保,正面,1,3.0,其他
挺精致,正面,1,3.0,包装
挺细腻,正面,1,3.0,使用体验
挺给力,正面,1,3.0,物流
挺薄,正面,1,2.0,使用体验
挺超值的,正面,1,4.0,价格
挺足的,正面,1,3.0,成分
挺轻薄的,正面,1,4.0,使用体验
挺迅速的,正面,1,4.0,物流
挺通透的,正面,1,4.0,使用体验
挺遮瑕,正面,1,3.0,功效
挺香的,正面,1,3.0,气味
接近肤色,正面,1,4.0,功效
提亮偏黄的肤色,正面,1,7.0,功效
提好用,正面,1,3.0,整体
提好的,正面,1,3.0,整体
支持,正面,1,2.0,整体
改善肤色,正面,1,4.0,功效
放心,正面,1,2.0,整体
效果好,正面,1,3.0,整体
效果明显,正面,1,4.0,整体
效率超级高,正面,1,5.0,物流
新,正面,1,1.0,包装
新鲜,正面,1,2.0,新鲜度
无异常,正面,1,3.0,整体
无异常不适,正面,1,5.0,使用体验
无比的高大上,正面,1,6.0,整体
无紧绷感,正面,1,4.0,使用体验
无负担,正面,1,3.0,功效
明显,正面,1,2.0,功效
易推开,正面,1,3.0,使用体验
易涂开,正面,1,3.0,使用体验
是真,正面,1,2.0,功效
是真东西,正面,1,4.0,真伪
显得皮肤很白,正面,1,6.0,功效
显肤色,正面,1,3.0,功效
更优惠,正面,1,3.0,价格
更好,正面,1,2.0,整体
更滋润,正面,1,3.0,使用体验
更滑,正面,1,2.0,使用体验
最合适,正面,1,3.0,价格
最喜欢的,正面,1,4.0,整体
最实惠,正面,1,3.0,价格
最实汇的,正面,1,4.0,价格
有一定的,正面,1,4.0,功效
有一点提亮肤色,正面,1,7.0,功效
有优势,正面,1,3.0,价格
有保湿效果,正面,1,5.0,功效
有光泽,正面,1,3.0,功效
有提亮,正面,1,3.0,功效
有提亮的效果,正面,1,6.0,功效
有档次,正面,1,3.0,包装
有泡沫,正面,1,3.0,使用体验
有淡斑效果,正面,1,5.0,功效
有点暗,正面,1,3.0,功效
有点油,正面,1,3.0,使用体验
有点白,正面,1,3.0,功效
有点脱皮,正面,1,4.0,使用体验
有点香,正面,1,3.0,气味
有美白效果,正面,1,5.0,功效
有香味,正面,1,3.0,气味
服贴,正面,1,2.0,使用体验
松的,正面,1,2.0,包装
棒极了,正面,1,3.0,整体
棒棒,正面,1,2.0,整体
正,正面,1,1.0,其他
正合适,正面,1,3.0,功效
正品保证,正面,1,4.0,真伪
比想像的要好,正面,1,6.0,功效
比较丰富,正面,1,4.0,成分
比较信得过,正面,1,5.0,整体
比较合适,正面,1,4.0,整体
比较均匀,正面,1,4.0,功效
比较多,正面,1,3.0,成分
比较好推开,正面,1,5.0,使用体验
比较好携带,正面,1,5.0,包装
比较好涂开,正面,1,5.0,使用体验
比较好看,正面,1,4.0,功效
比较实惠,正面,1,4.0,价格
比较方便,正面,1,4.0,使用体验
比较显白,正面,1,4.0,功效
比较有气色,正面,1,5.0,使用体验
比较水润,正面,1,4.0,使用体验
比较补水,正面,1,4.0,功效
比较贴合,正面,1,4.0,使用体验
比较赞的,正面,1,4.0,整体
比较轻薄,正面,1,4.0,使用体验
气色很好,正面,1,4.0,使用体验
水份多多,正面,1,4.0,使用体验
水份很多,正面,1,4.0,使用体验
水分还可以,正面,1,5.0,使用体验
水嫩,正面,1,2.0,使用体验
水嫩嫩的,正面,1,4.0,使用体验
水嫩的,正面,1,3.0,使用体验
水润皮肤,正面,1,4.0,使用体验
水灵灵,正面,1,3.0,使用体验
没什么过敏,正面,1,5.0,使用体验
没什么问题,正面,1,5.0,功效
没收到,正面,1,3.0,价格
没有,正面,1,2.0,气味
没有什么不良反应,正面,1,8.0,使用体验
没有出现过敏,正面,1,6.0,使用体验
没有刺激感,正面,1,5.0,使用体验
没有干粉,正面,1,4.0,使用体验
没有损坏,正面,1,4.0,包装
没有过敏不适,正面,1,6.0,使用体验
没有过敏反应,正面,1,6.0,使用体验
没有过敏现象,正面,1,6.0,使用体验
没有那么强,正面,1,5.0,功效
没让人失望,正面,1,5.0,整体
没过敏,正面,1,3.0,使用体验
没错,正面,1,2.0,气味
油而不腻,正面,1,4.0,使用体验
泡泡多,正面,1,3.0,使用体验
洗干净,正面,1,3.0,功效
洗得干净,正面,1,4.0,功效
洗的干净,正面,1,4.0,功效
活动价,正面,1,3.0,价格
浮粉,正面,1,2.0,使用体验
涂抹均匀,正面,1,4.0,使用体验
消下去,正面,1,3.0,使用体验
润,正面,1,1.0,使用体验
润泽,正面,1,2.0,使用体验
润色效果,正面,1,4.0,功效
淡淡得,正面,1,3.0,气味
淡淡的清香,正面,1,5.0,气味
清清爽爽的,正面,1,5.0,使用体验
清澈,正面,1,2.0,使用体验
清爽爽的,正面,1,4.0,使用体验
清薄,正面,1,2.0,使用体验
清香型,正面,1,3.0,气味
温和性的,正面,1,4.0,使用体验
温和的,正面,1,3.0,使用体验
湿湿润润的,正面,1,5.0,使用体验
满喜欢的,正面,1,4.0,整体
满好的,正面,1,3.0,功效
满水润的,正面,1,4.0,使用体验
满满,正面,1,2.0,成分
炒鸡划算,正面,1,4.0,价格
炒鸡棒棒,正面,1,4.0,整体
点个赞,正面,1,3.0,物流
爱不释手,正面,1,4.0,整体
爽,正面,1,1.0,整体
特价,正面,1,2.0,价格
特划算,正面,1,3.0,价格
特别便宜,正面,1,4.0,价格
特别好闻,正面,1,4.0,气味
特别干净,正面,1,4.0,功效
特别服帖,正面,1,4.0,使用体验
特别棒,正面,1,3.0,功效
特别水嫩,正面,1,4.0,使用体验
特别水润,正面,1,4.0,使用体验
特别湿润,正面,1,4.0,使用体验
特别满意,正面,1,4.0,整体
特别特别划算,正面,1,6.0,价格
特别特别给力,正面,1,6.0,物流
特别的好用,正面,1,5.0,整体
特别细腻,正面,1,4.0,使用体验
特别舒服,正面,1,4.0,使用体验
特别薄,正面,1,3.0,使用体验
特好,正面,1,2.0,功效
甜美,正面,1,2.0,气味
用着好,正面,1,3.0,整体
用着很好,正面,1,4.0,整体
用着舒服,正面,1,4.0,使用体验
用量少,正面,1,3.0,使用体验
略带香味,正面,1,4.0,气味
白,正面,1,1.0,功效
白了一个度,正面,1,5.0,功效
白嫩,正面,1,2.0,使用体验
白白嫩嫩的,正面,1,5.0,使用体验
白白的,正面,1,3.0,功效
白白透透的,正面,1,5.0,功效
白的很自然,正面,1,5.0,功效
皮肤亮亮的,正面,1,5.0,功效
皮肤亮白,正面,1,4.0,功效
相似,正面,1,2.0,气味
相当实惠,正面,1,4.0,价格
相当的便宜,正面,1,5.0,价格
相当的满意,正面,1,5.0,服务
省钱,正面,1,2.0,价格
看起来不错,正面,1,5.0,整体
真不是盖的,正面,1,5.0,物流
真品,正面,1,2.0,真伪
真品牌,正面,1,3.0,真伪
真喜欢,正面,1,3.0,整体
真好,正面,1,2.0,物流
真实,正面,1,2.0,功效
真心划算,正面,1,4.0,价格
真是快,正面,1,3.0,物流
真是神速,正面,1,4.0,物流
真的优惠,正面,1,4.0,价格
真的可以,正面,1,4.0,功效
真的很快呀,正面,1,5.0,物流
真的很耐斯,正面,1,5.0,整体
真的快,正面,1,3.0,物流
真高,正面,1,2.0,价格
确实很好,正面,1,4.0,整体
确实挺白的,正面,1,5.0,功效
粘稠,正面,1,2.0,使用体验
粘稠些,正面,1,3.0,使用体验
精致,正面,1,2.0,包装
细,正面,1,1.0,使用体验
细滑,正面,1,2.0,使用体验
细致,正面,1,2.0,使用体验
经济又实惠,正面,1,5.0,价格
经济实惠,正面,1,4.0,价格
给个好评,正面,1,4.0,物流
给个赞,正面,1,3.0,整体
给了,正面,1,2.0,物流
给赞,正面,1,2.0,整体
耐心,正面,1,2.0,服务
肤色好好,正面,1,4.0,使用体验
肤色很亮,正面,1,4.0,功效
能修复皮肤,正面,1,5.0,功效
能遮暇,正面,1,3.0,功效
自然白,正面,1,3.0,功效
自然美,正面,1,3.0,功效
舒服,正面,1,2.0,使用体验
良好,正面,1,2.0,整体
薄,正面,1,1.0,使用体验
薄点,正面,1,2.0,使用体验
蛮不错,正面,1,3.0,整体
蛮喜欢的,正面,1,4.0,整体
蛮多,正面,1,2.0,成分
蛮多的,正面,1,3.0,其他
蛮好闻,正面,1,3.0,气味
蛮快的,正面,1,3.0,物流
蛮白的,正面,1,3.0,功效
蛮自然的,正面,1,4.0,功效
蛮补水的,正面,1,4.0,功效
补水多了,正面,1,4.0,功效
补水的,正面,1,3.0,功效
补湿,正面,1,2.0,功效
补补水,正面,1,3.0,功效
要低得多,正面,1,4.0,价格
调节肤色,正面,1,4.0,功效
货真价值,正面,1,4.0,整体
货真价实,正面,1,4.0,整体
质优价廉,正面,1,4.0,价格
贴个面部,正面,1,4.0,使用体验
贴合皮肤,正面,1,4.0,使用体验
贴肤,正面,1,2.0,使用体验
贴装,正面,1,2.0,使用体验
超出预期,正面,1,4.0,整体
超合算,正面,1,3.0,价格
超实惠,正面,1,3.0,价格
超快的,正面,1,3.0,物流
超极好,正面,1,3.0,整体
超水润,正面,1,3.0,使用体验
超清爽的,正面,1,4.0,使用体验
超满意,正面,1,3.0,整体
超神速,正面,1,3.0,物流
超级优惠,正面,1,4.0,价格
超级值得,正面,1,4.0,价格
超级合适,正面,1,4.0,价格
超级多,正面,1,3.0,整体
超级实惠,正面,1,4.0,价格
超级滋润,正面,1,4.0,使用体验
超级满意,正面,1,4.0,整体
超级速度,正面,1,4.0,物流
超足,正面,1,2.0,使用体验
跟强,正面,1,2.0,功效
跟服帖,正面,1,3.0,使用体验
跟舒服,正面,1,3.0,整体
跟补水,正面,1,3.0,功效
较便宜,正面,1,3.0,价格
较温和,正面,1,3.0,使用体验
辛苦了,正面,1,3.0,物流
过得去,正面,1,3.0,整体
过敏了,正面,1,3.0,使用体验
还OK,正面,1,3.0,整体
还不错啦,正面,1,4.0,整体
还保湿,正面,1,3.0,功效
还可以吧,正面,1,4.0,整体
还喜欢,正面,1,3.0,整体
还挺划算的,正面,1,5.0,价格
还挺多的,正面,1,4.0,整体
还挺好,正面,1,3.0,整体
还挺好用的,正面,1,5.0,整体
还挺省,正面,1,3.0,其他
还挺香的,正面,1,4.0,气味
还算可以,正面,1,4.0,功效
还算实惠,正面,1,4.0,价格
还蛮快,正面,1,3.0,物流
还行的,正面,1,3.0,功效
这么快,正面,1,3.0,物流
送货到家,正面,1,4.0,物流
透亮,正面,1,2.0,使用体验
通透,正面,1,2.0,使用体验
遮红血丝,正面,1,4.0,功效
遮黄气暗沉,正面,1,5.0,功效
都说好,正面,1,3.0,整体
量也多,正面,1,3.0,其他
量也大,正面,1,3.0,其他
量又足,正面,1,3.0,其他
量大耐用,正面,1,4.0,其他
量很足,正面,1,3.0,其他
量比大,正面,1,3.0,其他
量足,正面,1,2.0,其他
闻着不错,正面,1,4.0,气味
隔离,正面,1,2.0,功效
非常公道,正面,1,4.0,价格
非常划算,正面,1,4.0,价格
非常好闻,正面,1,4.0,气味
非常实惠,正面,1,4.0,价格
非常开心,正面,1,4.0,整体
非常强,正面,1,3.0,物流
非常彻底,正面,1,4.0,功效
非常服帖,正面,1,4.0,使用体验
非常温和,正面,1,4.0,使用体验
非常的不错,正面,1,5.0,整体
非常的好用,正面,1,5.0,整体
非常的实惠,正面,1,5.0,价格
非常的快,正面,1,4.0,物流
非常的服帖,正面,1,5.0,使用体验
非常的香,正面,1,4.0,气味
非常自然,正面,1,4.0,功效
非常舒适,正面,1,4.0,整体
非常足,正面,1,3.0,成分
非常速度,正面,1,4.0,物流
非常香,正面,1,3.0,气味
靠谱,正面,1,2.0,价格
颜色相近,正面,1,4.0,功效
香,正面,1,1.0,气味
高大上,正面,1,3.0,包装
高很多,正面,1,3.0,价格
高档,正面,1,2.0,包装
不好用,负面,18,3.0,整体
不好,负面,13,2.0,整体
有点干,负面,12,3.0,使用体验
没有,负面,9,2.0,包装
假的,负面,7,2.0,真伪
不是很好用,负面,6,5.0,整体
不喜欢,负面,5,3.0,整体
不是很好,负面,5,4.0,整体
垃圾,负面,5,2.0,整体
很干,负面,5,2.0,使用体验
不太喜欢,负面,4,4.0,气味
不太好,负面,4,3.0,整体
不怎么样,负面,4,4.0,整体
不是很喜欢,负面,4,5.0,气味
不是正品,负面,4,4.0,真伪
卡粉,负面,4,2.0,使用体验
太差了,负面,4,3.0,包装
差评,负面,4,2.0,整体
很少,负面,4,2.0,使用体验
有点小贵,负面,4,4.0,价格
浮粉,负面,4,2.0,使用体验
不适合,负面,3,3.0,功效
假货,负面,3,2.0,真伪
太假了,负面,3,3.0,整体
太小,负面,3,2.0,尺寸
太随便了,负面,3,4.0,包装
好小,负面,3,2.0,尺寸
有点卡粉,负面,3,4.0,使用体验
有点失望,负面,3,4.0,整体
洗不净,负面,3,3.0,使用体验
一般般,负面,2,3.0,功效
不保湿,负面,2,3.0,功效
不吸收,负面,2,3.0,使用体验
不太适合,负面,2,4.0,整体
不好闻,负面,2,3.0,气味
不开心,负面,2,3.0,整体
不服帖,负面,2,3.0,使用体验
不行,负面,2,2.0,包装
不规整,负面,2,3.0,尺寸
刺鼻,负面,2,2.0,气味
卸不干净,负面,2,4.0,功效
太失望了,负面,2,4.0,整体
太干,负面,2,2.0,使用体验
太干了,负面,2,3.0,使用体验
太香了,负面,2,3.0,气味
失望,负面,2,2.0,整体
好少,负面,2,2.0,其他
好差,负面,2,2.0,包装
少,负面,2,1.0,使用体验
差,负面,2,1.0,整体
差一些,负面,2,3.0,功效
很小,负面,2,2.0,尺寸
很旧,负面,2,2.0,包装
怪怪的,负面,2,3.0,气味
敷衍了事,负面,2,4.0,服务
是假货,负面,2,3.0,真伪
最垃圾,负面,2,3.0,整体
最差,负面,2,2.0,整体
有点味道,负面,2,4.0,气味
有点小,负面,2,3.0,尺寸
有点油,负面,2,3.0,使用体验
有点白,负面,2,3.0,功效
极差,负面,2,2.0,服务
没,负面,2,1.0,价格
油,负面,2,1.0,使用体验
滑滑的,负面,2,3.0,使用体验
痒,负面,2,1.0,使用体验
破了,负面,2,2.0,包装
简陋,负面,2,2.0,包装
起皮,负面,2,2.0,使用体验
超级差,负面,2,3.0,使用体验
辣眼睛,负面,2,3.0,使用体验
过敏,负面,2,2.0,使用体验
过敏了,负面,2,3.0,使用体验
长痘,负面,2,2.0,使用体验
降价,负面,2,2.0,价格
一点不好,负面,1,4.0,功效
一点不好用,负面,1,5.0,整体
一点也不好用,负面,1,6.0,其他
一点点,负面,1,3.0,尺寸
一点点红,负面,1,4.0,使用体验
一点都不水润,负面,1,6.0,使用体验
一点都没有,负面,1,5.0,功效
一般,负面,1,2.0,整体
三流,负面,1,2.0,物流
上当了,负面,1,3.0,整体
不一样,负面,1,3.0,气味
不习惯,负面,1,3.0,气味
不值,负面,1,2.0,整体
不合格,负面,1,3.0,服务
不多,负面,1,2.0,整体
不大好,负面,1,3.0,整体
不太好洗掉,负面,1,5.0,使用体验
不太开心,负面,1,4.0,整体
不好上妆,负面,1,4.0,功效
不好涂开,负面,1,4.0,使用体验
不干净,负面,1,3.0,功效
不怎么亮肤,负面,1,5.0,功效
不怎么好用,负面,1,5.0,整体
不怎么白,负面,1,4.0,功效
不怎么补水,负面,1,5.0,功效
不怎么起泡沫,负面,1,6.0,使用体验
不持妆,负面,1,3.0,使用体验
不推荐,负面,1,3.0,整体
不敢恭维,负面,1,4.0,服务
不敢用,负面,1,3.0,整体
不是太好,负面,1,4.0,功效
不是太完美,负面,1,5.0,整体
不是太干净,负面,1,5.0,功效
不是太明显,负面,1,5.0,功效
不是很值,负面,1,4.0,价格
不是很够,负面,1,4.0,功效
不是很好闻,负面,1,5.0,气味
不是很干净,负面,1,5.0,功效
不是很滋润,负面,1,5.0,使用体验
不是很白,负面,1,4.0,功效
不是很足,负面,1,4.0,成分
不是很适合,负面,1,5.0,整体
不是很遮瑕,负面,1,5.0,功效
不是新的,负面,1,4.0,新鲜度
不是特别好,负面,1,5.0,使用体验
不是那么水润,负面,1,6.0,使用体验
不显白,负面,1,3.0,功效
不正,负面,1,2.0,功效
不滋润,负面,1,3.0,功效
不爽,负面,1,2.0,价格
不给力,负面,1,3.0,价格
不能用,负面,1,3.0,整体
不解决,负面,1,3.0,服务
不贴,负面,1,2.0,使用体验
不贴合,负面,1,3.0,使用体验
不足四年,负面,1,4.0,新鲜度
不适应,负面,1,3.0,气味
东西少了,负面,1,4.0,其他
中空的,负面,1,3.0,物流
也不好使,负面,1,4.0,整体
会掉粉,负面,1,3.0,使用体验
会紧绷,负面,1,3.0,使用体验
会紧缩,负面,1,3.0,使用体验
会起脂肪粒,负面,1,5.0,使用体验
偏暗,负面,1,2.0,功效
偏深,负面,1,2.0,包装
偏黄,负面,1,2.0,功效
再便宜点,负面,1,4.0,价格
几乎没有,负面,1,4.0,成分
到期,负面,1,2.0,新鲜度
刺激,负面,1,2.0,使用体验
刺激皮肤,负面,1,4.0,使用体验
刺痒,负面,1,2.0,使用体验
刺痛,负面,1,2.0,使用体验
卡,负面,1,1.0,使用体验
卸不掉,负面,1,3.0,功效
压扁了,负面,1,3.0,包装
发错,负面,1,2.0,物流
可干,负面,1,2.0,使用体验
吸收不是很好,负面,1,6.0,使用体验
坏了,负面,1,2.0,包装
坏的,负面,1,2.0,包装
坑人,负面,1,2.0,整体
够随意,负面,1,3.0,包装
太一般了,负面,1,4.0,整体
太不好,负面,1,3.0,功效
太不靠谱,负面,1,4.0,物流
太不靠谱了,负面,1,5.0,整体
太丑了,负面,1,3.0,包装
太刺鼻,负面,1,3.0,气味
太厚,负面,1,2.0,其他
太坑了,负面,1,3.0,整体
太多了,负面,1,3.0,价格
太大了,负面,1,3.0,气味
太少,负面,1,2.0,成分
太少了,负面,1,3.0,其他
太差,负面,1,2.0,整体
太差劲,负面,1,3.0,服务
太慢,负面,1,2.0,服务
太慢了,负面,1,3.0,物流
太次,负面,1,2.0,包装
太浓,负面,1,2.0,气味
太白,负面,1,2.0,功效
太白了,负面,1,3.0,功效
太短,负面,1,2.0,新鲜度
太简便,负面,1,3.0,包装
太简单了,负面,1,4.0,包装
太简陋,负面,1,3.0,包装
太简陋了,负面,1,4.0,整体
太裸妆了,负面,1,4.0,使用体验
太重,负面,1,2.0,气味
好假,负面,1,2.0,真伪
好刺鼻,负面,1,3.0,气味
好巨大,负面,1,3.0,包装
好干燥,负面,1,3.0,使用体验
好没用,负面,1,3.0,整体
好浓,负面,1,2.0,使用体验
好硬,负面,1,2.0,使用体验
嫌弃,负面,1,2.0,包装
容易油,负面,1,3.0,使用体验
小小,负面,1,2.0,尺寸
少了点,负面,1,3.0,其他
就要过期了,负面,1,5.0,新鲜度
差了很多,负面,1,4.0,整体
差劲,负面,1,2.0,包装
差死了,负面,1,3.0,整体
差的要死,负面,1,4.0,功效
干巴巴,负面,1,3.0,使用体验
干死了,负面,1,3.0,使用体验
干的脱皮,负面,1,4.0,使用体验
应该改进,负面,1,4.0,物流
弱,负面,1,1.0,功效
很一般,负面,1,3.0,使用体验
很不好,负面,1,3.0,整体
很不开森,负面,1,4.0,整体
很垃圾,负面,1,3.0,整体
很容易掉粉,负面,1,5.0,使用体验
很心塞,负面,1,3.0,价格
很忧伤,负面,1,3.0,整体
很明显,负面,1,3.0,气味
很气人,负面,1,3.0,物流
很滑,负面,1,2.0,使用体验
很烂,负面,1,2.0,整体
很硬,负面,1,2.0,使用体验
很稀,负面,1,2.0,其他
很粘,负面,1,2.0,使用体验
很薄,负面,1,2.0,其他
很讨厌,负面,1,3.0,整体
忒简单,负面,1,3.0,包装
快要过期,负面,1,4.0,新鲜度
感觉不高,负面,1,4.0,整体
慢死,负面,1,2.0,物流
投诉,负面,1,2.0,物流
抹不开,负面,1,3.0,使用体验
挺小的,负面,1,3.0,尺寸
挺干燥的,负面,1,4.0,使用体验
挺干的,负面,1,3.0,使用体验
挺油腻,负面,1,3.0,使用体验
挺麻烦的,负面,1,4.0,服务
掉皮,负面,1,2.0,使用体验
掉粉,负面,1,2.0,使用体验
搓泥,负面,1,2.0,使用体验
搓泥了,负面,1,3.0,使用体验
效果不是很明显,负面,1,7.0,整体
是假,负面,1,2.0,功效
是次品,负面,1,3.0,其他
最差的,负面,1,3.0,整体
有一点点痒,负面,1,5.0,使用体验
有些失望,负面,1,4.0,整体
有些干,负面,1,3.0,使用体验
有些油,负面,1,3.0,使用体验
有些粘腻,负面,1,4.0,使用体验
有些黏腻,负面,1,4.0,使用体验
有点假白,负面,1,4.0,功效
有点儿掉妆,负面,1,5.0,使用体验
有点刺鼻,负面,1,4.0,气味
有点发干,负面,1,4.0,使用体验
有点坑,负面,1,3.0,物流
有点多,负面,1,3.0,使用体验
有点大,负面,1,3.0,气味
有点太香,负面,1,4.0,气味
有点少,负面,1,3.0,尺寸
有点慢,负面,1,3.0,使用体验
有点火辣辣的,负面,1,6.0,使用体验
有点点油,负面,1,4.0,使用体验
有点点膳,负面,1,4.0,气味
有点点过敏,负面,1,5.0,使用体验
有点疼,负面,1,3.0,使用体验
有点痒,负面,1,3.0,使用体验
有点硬,负面,1,3.0,使用体验
有点简陋,负面,1,4.0,包装
有点紧绷,负面,1,4.0,使用体验
有点胶味,负面,1,4.0,气味
有点薄,负面,1,3.0,使用体验
有点香,负面,1,3.0,气味
有点麻烦,负面,1,4.0,使用体验
有点黏,负面,1,3.0,使用体验
有点黑,负面,1,3.0,功效
有香味,负面,1,3.0,气味
欺骗,负面,1,2.0,服务
欺骗顾客,负面,1,4.0,整体
正品,负面,1,2.0,真伪
比较厉害,负面,1,4.0,使用体验
比较少,负面,1,3.0,其他
比较干,负面,1,3.0,使用体验
比较慢,负面,1,3.0,物流
比较旧,负面,1,3.0,新鲜度
比较油,负面,1,3.0,使用体验
比较油腻,负面,1,4.0,使用体验
比较浓郁,负面,1,4.0,气味
比较硬,负面,1,3.0,包装
比较费,负面,1,3.0,价格
比较近,负面,1,3.0,新鲜度
比较重,负面,1,3.0,气味
水漏了,负面,1,3.0,包装
没什么,负面,1,3.0,使用体验
没以前好用,负面,1,5.0,整体
没心情了,负面,1,4.0,包装
没感觉到,负面,1,4.0,功效
没有人理会,负面,1,5.0,服务
没有介绍的那么遮盖红血丝,负面,1,12.0,功效
没有便宜很多,负面,1,6.0,价格
没有免邮券,负面,1,5.0,价格
没有多少,负面,1,4.0,成分
没有太大感觉,负面,1,6.0,功效
没有密封口,负面,1,5.0,包装
没有感觉,负面,1,4.0,功效
没有说的那么保湿,负面,1,8.0,功效
没有那么润,负面,1,5.0,使用体验
没洗干净,负面,1,4.0,使用体验
没用,负面,1,2.0,整体
没那么好用,负面,1,5.0,整体
油亮亮的,负面,1,4.0,使用体验
油亮油亮,负面,1,4.0,使用体验
油腻腻的,负面,1,4.0,使用体验
泛白,负面,1,2.0,使用体验
洗不干净,负面,1,4.0,功效
浓浓的,负面,1,3.0,气味
浪费钱,负面,1,3.0,整体
浮了,负面,1,2.0,使用体验
渣货,负面,1,2.0,整体
漏了,负面,1,2.0,包装
漏水,负面,1,2.0,包装
烂东西,负面,1,3.0,整体
特别不愉快,负面,1,5.0,服务
特别少,负面,1,3.0,其他
特别油油,负面,1,4.0,使用体验
特别的干,负面,1,4.0,使用体验
白的不自然,负面,1,5.0,功效
真心不好用,负面,1,5.0,整体
真没看出来,负面,1,5.0,功效
真的很一般,负面,1,5.0,整体
真的忙,负面,1,3.0,服务
碎了,负面,1,2.0,物流
稍微偏硬,负面,1,4.0,使用体验
稍微干燥,负面,1,4.0,使用体验
稍微暗一点,负面,1,5.0,功效
稍微有点提亮,负面,1,6.0,功效
稍微过敏,负面,1,4.0,使用体验
粗糙,负面,1,2.0,包装
红肿,负面,1,2.0,使用体验
老搓泥,负面,1,3.0,使用体验
被骗了,负面,1,3.0,整体
贵,负面,1,1.0,价格
贵了,负面,1,2.0,价格
起痘,负面,1,2.0,使用体验
超级难用,负面,1,4.0,整体
越来越高了,负面,1,5.0,价格
较难清洗,负面,1,4.0,使用体验
辣脸,负面,1,2.0,使用体验
过于多了,负面,1,4.0,使用体验
过期,负面,1,2.0,新鲜度
近期,负面,1,2.0,新鲜度
还是干,负面,1,3.0,使用体验
还是紧绷,负面,1,4.0,使用体验
连连的,负面,1,3.0,使用体验
遮不住什么,负面,1,5.0,功效
那么白,负面,1,3.0,功效
都是胶,负面,1,3.0,使用体验
都没有,负面,1,3.0,包装
酸酸的,负面,1,3.0,气味
重,负面,1,1.0,气味
闷痘,负面,1,2.0,使用体验
难推开,负面,1,3.0,使用体验
难用,负面,1,2.0,整体
非常失望,负面,1,4.0,整体
非常差,负面,1,3.0,整体
非常的不好,负面,1,5.0,整体
骗人的,负面,1,3.0,整体
黏黏的,负面,1,3.0,使用体验
黏黏糊糊,负面,1,4.0,使用体验
